<?xml version='1.0'?>
<home version='6500' exportFlags='17' name='Aytac_Kasoglu_Task.sh3d' camera='topCamera' wallHeight='243.84'>
  <environment groundColor='00A8A8A8' skyColor='00CCE4FC' lightColor='00D0D0D0'/>
  <observerCamera attribute='observerCamera' lens='PINHOLE' x='50.0' y='50.0' z='170.0' yaw='5.4977875' pitch='0.19634955' fieldOfView='1.0995575' time='1424520000567'/>
  <camera attribute='topCamera' lens='PINHOLE' x='886.264' y='317.08542' z='1253.753' yaw='-123.984535' pitch='1.0407971' fieldOfView='1.0995575' time='1424520000567'/>
  <doorOrWindow catalogId='Scopia#puerta' name='Door' creator='Scopia' model='1/puerta.obj' x='203.0' y='3.0831919' width='95.0' depth='13.91945' height='210.0' modelMirrored='true' modelSize='244454' movable='false' cutOutShape='M0,0 v1 h1 v-1 z'/>
  <doorOrWindow catalogId='eTeks#sliderWindow126x200' name='Slider window' creator='eTeks' model='3/sliderWindow126x200.obj' x='355.5596' y='491.19934' elevation='5.0' angle='6.2792406' width='216.0' depth='8.22985' height='240.0' modelSize='20685' movable='false' cutOutShape='M0,0 v1 h1 v-1 z'/>
  <doorOrWindow catalogId='eTeks#fixedWindow85x123' name='Fixed window' creator='eTeks' model='5/fixedWindow85x123.obj' x='107.22223' y='471.7814' elevation='87.0' angle='3.1415925' width='117.0' depth='7.6202497' height='145.0' modelSize='19161' movable='false' cutOutShape='M0,0 v1 h1 v-1 z'/>
  <pieceOfFurniture catalogId='eTeks#kitchenCabinet' name='Kitchen cabinet' creator='eTeks' model='7/kitchenCabinet.obj' x='284.6111' y='104.36922' width='60.0' depth='58.0' height='85.0' color='FFF1FFA4' modelSize='13820' movable='false'/>
  <pieceOfFurniture catalogId='LucaPresidente#lavello' name='Sink' creator='LucaPresidente' model='9/lavello.obj' x='354.6111' y='107.06922' width='80.0' depth='62.0' height='100.0' color='FFFCFFB1' modelSize='831675'/>
  <pieceOfFurniture catalogId='Blend Swap CC-BY#kitchenUpperCabinet' name='Upper cabinet' creator='Jay-Artist' model='11/kitchenUpperCabinet.obj' x='311.08884' y='91.41922' elevation='145.0' width='109.4' depth='32.100002' height='77.1' color='FFF1FFA4' modelSize='56106'/>
  <pieceOfFurniture catalogId='Blend Swap CC-BY#kitchenUpperCabinet' name='Upper cabinet' creator='Jay-Artist' model='11/kitchenUpperCabinet.obj' x='408.7556' y='91.41922' elevation='145.0' width='109.4' depth='32.100002' height='77.1' color='FFF1FFA4' modelSize='56106'/>
  <pieceOfFurniture catalogId='Blend Swap CC-BY#kitchenUpperCabinet' name='Upper cabinet' creator='Jay-Artist' model='11/kitchenUpperCabinet.obj' x='446.78384' y='148.04982' elevation='145.0' angle='1.5707964' width='109.4' depth='32.100002' height='77.1' color='FFF1FFA4' modelSize='56106'/>
  <pieceOfFurniture catalogId='Pencilart#stove1' name='Stove' creator='Pencilart' model='13/stove1.obj' x='430.16177' y='166.47145' angle='1.5707964' width='75.0' depth='60.0' height='104.0' modelSize='244633'/>
  <pieceOfFurniture catalogId='eTeks#kitchenCabinet' name='Kitchen cabinet' creator='eTeks' model='7/kitchenCabinet.obj' x='429.6111' y='104.36922' width='70.0' depth='58.0' height='85.0' color='FFF1FFA4' modelSize='13820' movable='false'/>
  <pieceOfFurniture catalogId='Blend Swap CC-0#radiator1' name='Radiator' creator='Knyghtfall13x' model='15/radiator1.obj' x='102.66382' y='460.8214' elevation='10.0' angle='3.1415925' width='150.0' depth='14.3' height='60.0' modelSize='146342' movable='false'/>
  <pieceOfFurniture catalogId='Blend Swap CC-0#radiator1' name='Radiator' creator='Knyghtfall13x' model='15/radiator1.obj' x='458.0431' y='425.15842' elevation='10.0' angle='4.712389' width='110.0' depth='10.0' height='70.0' modelSize='146342' movable='false'/>
  <pieceOfFurniture catalogId='eTeks#bed140x190' name='Bed 140x190' creator='eTeks' model='17' x='360.29077' y='408.0194' angle='1.567309' width='158.0' depth='208.0' height='70.0' modelSize='11797'/>
  <pieceOfFurniture catalogId='eTeks#table' name='Table' creator='eTeks' model='19' x='74.97667' y='416.17142' angle='3.1415925' width='150.0' depth='75.0' height='74.0' modelSize='5486'/>
  <pieceOfFurniture catalogId='eTeks#flatTV' name='Flat TV' creator='eTeks' model='21' x='14.976665' y='407.4714' elevation='74.0' angle='4.712389' width='121.0' depth='30.0' height='79.3' modelSize='13041'/>
  <pieceOfFurniture catalogId='eTeks#plant' name='Plant' creator='eTeks' model='23' x='438.834' y='276.91138' angle='1.567309' width='58.0' depth='50.0' height='82.0' modelSize='113183'/>
  <pieceOfFurniture catalogId='eTeks#filledBookcase' name='Filled bookcase' creator='eTeks' model='25' x='18.365555' y='48.74513' angle='4.712389' width='85.0' depth='35.0' height='180.0' modelSize='50961'/>
  <pieceOfFurniture catalogId='eTeks#armchair2' name='Armchair' creator='eTeks' model='27' x='39.02667' y='245.67137' angle='4.7123895' width='80.0' depth='78.1' height='77.200005' modelSize='33509'/>
  <pieceOfFurniture catalogId='eTeks#cornerSofa' name='Corner sofa' creator='eTeks' model='29' x='116.476654' y='369.6714' width='233.0' depth='168.0' height='87.0' modelSize='364199'/>
  <pieceOfFurniture catalogId='eTeks#laptop' name='Laptop' creator='eTeks' model='31' x='101.58069' y='427.65668' elevation='74.0' angle='3.1415927' width='32.5' depth='35.5' height='19.2' modelSize='45826'/>
  <wall id='wall-8d26c764-fe8b-4360-8ad1-fc06f1030d5e' wallAtStart='wall-eee871e8-81a7-4fa7-aa87-f1c2e9e0eb21' wallAtEnd='wall-c13cfc4d-a772-431e-b701-9416b56bb3c4' xStart='-2.9444427' yStart='2.4481068' xEnd='257.5' yEnd='1.5592213' height='262.0' thickness='7.62' pattern='hatchUp'/>
  <wall id='wall-c13cfc4d-a772-431e-b701-9416b56bb3c4' wallAtStart='wall-8d26c764-fe8b-4360-8ad1-fc06f1030d5e' wallAtEnd='wall-9fc4cee6-07a8-4905-81b6-c44f4186c52a' xStart='257.5' yStart='1.5592213' xEnd='257.5' yEnd='71.55922' height='262.0' thickness='7.62' pattern='hatchUp'/>
  <wall id='wall-9fc4cee6-07a8-4905-81b6-c44f4186c52a' wallAtStart='wall-c13cfc4d-a772-431e-b701-9416b56bb3c4' wallAtEnd='wall-89346800-172b-4db6-b237-29eaeee47796' xStart='257.5' yStart='71.55922' xEnd='467.5' yEnd='71.55922' height='262.0' thickness='7.62' pattern='hatchUp'/>
  <wall id='wall-89346800-172b-4db6-b237-29eaeee47796' wallAtStart='wall-9fc4cee6-07a8-4905-81b6-c44f4186c52a' wallAtEnd='wall-6d486264-7b87-4a96-ba26-513fcece6ed4' xStart='467.5' yStart='71.55922' xEnd='466.61108' yEnd='207.78145' height='262.0' thickness='7.62' pattern='hatchUp'/>
  <wall id='wall-6d486264-7b87-4a96-ba26-513fcece6ed4' wallAtStart='wall-89346800-172b-4db6-b237-29eaeee47796' wallAtEnd='wall-68ae3f7d-5919-4a5c-8990-c8be68b9e2f2' xStart='466.61108' yStart='207.78145' xEnd='392.61108' yEnd='207.78145' height='262.0' thickness='7.62' pattern='hatchUp'/>
  <wall id='wall-68ae3f7d-5919-4a5c-8990-c8be68b9e2f2' wallAtStart='wall-6d486264-7b87-4a96-ba26-513fcece6ed4' wallAtEnd='wall-067db8fb-88cd-467e-8f77-eda483b07923' xStart='392.61108' yStart='207.78145' xEnd='393.5' yEnd='235.55922' height='262.0' thickness='7.62' pattern='hatchUp'/>
  <wall id='wall-067db8fb-88cd-467e-8f77-eda483b07923' wallAtStart='wall-68ae3f7d-5919-4a5c-8990-c8be68b9e2f2' wallAtEnd='wall-bfac28e5-f5c7-4037-935e-7459d5b83baa' xStart='393.5' yStart='235.55922' xEnd='467.5' yEnd='235.55922' height='262.0' thickness='7.62' pattern='hatchUp'/>
  <wall id='wall-bfac28e5-f5c7-4037-935e-7459d5b83baa' wallAtStart='wall-067db8fb-88cd-467e-8f77-eda483b07923' wallAtEnd='wall-3390d1bd-1b86-48c9-82d1-603ecc04f264' xStart='467.5' yStart='235.55922' xEnd='468.3889' yEnd='490.44806' height='262.0' thickness='7.62' pattern='hatchUp'/>
  <wall id='wall-3390d1bd-1b86-48c9-82d1-603ecc04f264' wallAtStart='wall-bfac28e5-f5c7-4037-935e-7459d5b83baa' wallAtEnd='wall-cd1785a6-ff13-47c6-a8aa-b8faf33a937a' xStart='468.3889' yStart='490.44806' xEnd='243.05554' yEnd='491.33698' height='262.0' thickness='7.62' pattern='hatchUp'/>
  <wall id='wall-cd1785a6-ff13-47c6-a8aa-b8faf33a937a' wallAtStart='wall-3390d1bd-1b86-48c9-82d1-603ecc04f264' xStart='243.05554' yStart='491.33698' xEnd='243.05554' yEnd='471.78143' height='262.0' thickness='7.62' pattern='hatchUp'/>
  <wall id='wall-e5b35704-d5f6-43bf-920b-b73e5ebb6a2a' wallAtEnd='wall-98b26d0e-0532-46f1-b9fb-bfb5f7f6ac43' xStart='247.5' yStart='471.7814' xEnd='-3.8333435' yEnd='471.78143' height='262.0' thickness='7.62' pattern='hatchUp'/>
  <wall id='wall-98b26d0e-0532-46f1-b9fb-bfb5f7f6ac43' wallAtStart='wall-e5b35704-d5f6-43bf-920b-b73e5ebb6a2a' wallAtEnd='wall-83950ca1-6cfb-498a-8146-7891ff1ad4d7' xStart='-3.8333435' yStart='471.78143' xEnd='-3.833355' yEnd='199.78145' height='262.0' thickness='7.62' pattern='hatchUp'/>
  <wall id='wall-83950ca1-6cfb-498a-8146-7891ff1ad4d7' wallAtStart='wall-98b26d0e-0532-46f1-b9fb-bfb5f7f6ac43' wallAtEnd='wall-9924621f-6327-4af3-8bf3-efce6791ed6d' xStart='-3.833355' yStart='199.78145' xEnd='41.49999' yEnd='199.78145' height='262.0' thickness='7.62' pattern='hatchUp'/>
  <wall id='wall-9924621f-6327-4af3-8bf3-efce6791ed6d' wallAtStart='wall-83950ca1-6cfb-498a-8146-7891ff1ad4d7' wallAtEnd='wall-ebbf2bd7-900d-40b7-a54e-acd52a28a756' xStart='41.49999' yStart='199.78145' xEnd='41.49999' yEnd='166.00368' height='262.0' thickness='7.62' pattern='hatchUp'/>
  <wall id='wall-ebbf2bd7-900d-40b7-a54e-acd52a28a756' wallAtStart='wall-9924621f-6327-4af3-8bf3-efce6791ed6d' wallAtEnd='wall-eee871e8-81a7-4fa7-aa87-f1c2e9e0eb21' xStart='41.49999' yStart='166.00368' xEnd='-2.9444542' yEnd='166.89256' height='262.0' thickness='7.62' pattern='hatchUp'/>
  <wall id='wall-eee871e8-81a7-4fa7-aa87-f1c2e9e0eb21' wallAtStart='wall-ebbf2bd7-900d-40b7-a54e-acd52a28a756' wallAtEnd='wall-8d26c764-fe8b-4360-8ad1-fc06f1030d5e' xStart='-2.9444542' yStart='166.89256' xEnd='-2.9444427' yEnd='2.4481068' height='262.0' thickness='7.62' pattern='hatchUp'/>
  <wall id='wall-b2445cb9-590b-4608-a594-f324a51228e2' xStart='1.4999815' yStart='1.5592213' xEnd='1.4999815' yEnd='1.5592213' height='262.0' thickness='7.62' pattern='hatchUp'/>
</home>